"Guid","AccountId","AssistantName","AssistantPhone","Birthdate","ContactNumber__c","Contact__c","Department","Description","Email","EmailBouncedReason","Fax","FirstName","HomePhone","Jigsaw","LastName","LeadSource","MailingCity","MailingCountry","MailingGeocodeAccuracy","MailingLatitude","MailingLongitude","MailingPostalCode","MailingState","MailingStreet","MobilePhone","OtherCity","OtherCountry","OtherGeocodeAccuracy","OtherLatitude","OtherLongitude","OtherPhone","OtherPostalCode","OtherState","OtherStreet","Phone","ReportsToId","Salutation","Textfield__c","Title"
12e3e099-2e9c-4b72-996c-6719c5cdcdc2,76b7d969-3908-4d23-942e-16058c34f045,"#N/A","#N/A","#N/A","#N/A","#N/A","#N/A","#N/A",fzgwm@salesforce.com,"#N/A","#N/A","#N/A","#N/A","#N/A",Last Name czchm,"#N/A","#N/A","#N/A","#N/A","#N/A","#N/A","#N/A","#N/A","#N/A","#N/A","#N/A","#N/A","#N/A","#N/A","#N/A","#N/A","#N/A","#N/A","#N/A","#N/A","#N/A","#N/A","#N/A",Big Boss ewl
1e50997c-a380-4bea-9e96-81ebcf7d4fb6,a6f219a0-b248-4b21-95c2-9ca9df8d32d8,"#N/A","#N/A","#N/A","#N/A","#N/A","#N/A","#N/A","#N/A","#N/A","#N/A",Person,"#N/A","#N/A",Y,"#N/A","#N/A","#N/A","#N/A","#N/A","#N/A","#N/A","#N/A","#N/A","#N/A","#N/A","#N/A","#N/A","#N/A","#N/A","#N/A","#N/A","#N/A","#N/A","#N/A","#N/A","#N/A","#N/A","#N/A"
2231eac5-41b5-4284-a77e-d117cc3125d8,76b7d969-3908-4d23-942e-16058c34f045,"#N/A","#N/A","#N/A","#N/A","#N/A","#N/A","#N/A",yyyfq@salesforce.com,"#N/A","#N/A","#N/A","#N/A","#N/A",Last Name obcnv,"#N/A","#N/A","#N/A","#N/A","#N/A","#N/A","#N/A","#N/A","#N/A","#N/A","#N/A","#N/A","#N/A","#N/A","#N/A","#N/A","#N/A","#N/A","#N/A","#N/A","#N/A","#N/A","#N/A",Big Boss mdz
754cac96-197d-4206-80ae-e4d74340ed35,f237d6a2-4294-46db-ab75-d9bc2282185b,"#N/A","#N/A","#N/A","#N/A","#N/A","#N/A","#N/A","#N/A","#N/A","#N/A",Winter2,"#N/A","#N/A",Cont1,"#N/A","#N/A","#N/A","#N/A","#N/A","#N/A","#N/A","#N/A","#N/A","#N/A","#N/A","#N/A","#N/A","#N/A","#N/A","#N/A","#N/A","#N/A","#N/A","#N/A","#N/A",Mr.,"#N/A","#N/A"
75e66781-5c98-4b0e-bdde-0a49353516ba,43d21834-f21b-4487-9631-75533e8e48f6,"#N/A","#N/A","#N/A","#N/A","#N/A","#N/A","#N/A","#N/A","#N/A","#N/A",PErson,"#N/A","#N/A",X,"#N/A","#N/A","#N/A","#N/A","#N/A","#N/A","#N/A","#N/A","#N/A","#N/A","#N/A","#N/A","#N/A","#N/A","#N/A","#N/A","#N/A","#N/A","#N/A","#N/A","#N/A","#N/A","#N/A","#N/A"
8d13f319-f889-4981-9008-af7ed5e4c55b,76b7d969-3908-4d23-942e-16058c34f045,"#N/A","#N/A","#N/A","#N/A","#N/A","#N/A","#N/A",bagxy@salesforce.com,"#N/A","#N/A","#N/A","#N/A","#N/A",Last Name vilro,"#N/A","#N/A","#N/A","#N/A","#N/A","#N/A","#N/A","#N/A","#N/A","#N/A","#N/A","#N/A","#N/A","#N/A","#N/A","#N/A","#N/A","#N/A","#N/A","#N/A","#N/A","#N/A","#N/A",Big Boss vki
abc9242a-9e81-4022-a63d-f008c00eeae8,76b7d969-3908-4d23-942e-16058c34f045,"#N/A","#N/A","#N/A","#N/A","#N/A","#N/A","#N/A",sxuel@salesforce.com,"#N/A","#N/A","#N/A","#N/A","#N/A",Last Name mpyma,"#N/A","#N/A","#N/A","#N/A","#N/A","#N/A","#N/A","#N/A","#N/A","#N/A","#N/A","#N/A","#N/A","#N/A","#N/A","#N/A","#N/A","#N/A","#N/A","#N/A","#N/A","#N/A","#N/A",Big Boss jdj
b41b9d3a-b06b-41c3-aa27-ffae8d72ed32,024c3ee9-1f6d-4c33-a4ab-024ae57ba9b7,"#N/A","#N/A","#N/A","#N/A","#N/A","#N/A","#N/A","#N/A","#N/A","#N/A",Maria,"#N/A","#N/A",Ioana,"#N/A","#N/A","#N/A","#N/A","#N/A","#N/A","#N/A","#N/A","#N/A","#N/A","#N/A","#N/A","#N/A","#N/A","#N/A","#N/A","#N/A","#N/A","#N/A","#N/A","#N/A",Ms.,"#N/A","#N/A"
bc493106-6aeb-400e-8d63-2ee48dd7dd60,76b7d969-3908-4d23-942e-16058c34f045,"#N/A","#N/A","#N/A","#N/A","#N/A","#N/A","#N/A",fwvhb@salesforce.com,"#N/A","#N/A","#N/A","#N/A","#N/A",Last Name yeiym,"#N/A","#N/A","#N/A","#N/A","#N/A","#N/A","#N/A","#N/A","#N/A","#N/A","#N/A","#N/A","#N/A","#N/A","#N/A","#N/A","#N/A","#N/A","#N/A","#N/A","#N/A","#N/A","#N/A",Big Boss wcl
